timestamp,value
2012-10-23 19:56:00,20.8
2012-10-23 19:57:00,20.8037037037
2012-10-23 19:58:00,20.7698113208
2012-10-23 19:59:00,20.7094339623
2012-10-23 20:00:00,20.7872727273
2012-10-23 20:01:00,20.8192307692
2012-10-23 20:02:00,20.8698113208
2012-10-23 20:03:00,20.8547169811
2012-10-23 20:04:00,20.7526315789
2012-10-23 20:05:00,20.6849056604
2012-10-23 20:06:00,20.7288461538
2012-10-23 20:07:00,20.7518518519
2012-10-23 20:08:00,20.7547169811
2012-10-23 20:09:00,20.5867924528
2012-10-23 20:10:00,20.5230769231
2012-10-23 20:11:00,20.4980769231
2012-10-23 20:12:00,20.43
2012-10-23 20:13:00,20.5169811321
2012-10-23 20:14:00,20.5980392157
2012-10-23 20:15:00,20.6576271186
2012-10-23 20:16:00,20.7384615385
2012-10-23 20:17:00,20.8603448276
2012-10-23 20:18:00,20.9
2012-10-23 20:19:00,20.8807017544
2012-10-23 20:20:00,20.7857142857
2012-10-23 20:21:00,20.6836363636
2012-10-23 20:22:00,20.6245283019
2012-10-23 20:23:00,20.54
2012-10-23 20:24:00,20.6
2012-10-23 20:25:00,20.6418181818
2012-10-23 20:26:00,20.7350877193
2012-10-23 20:27:00,20.78
2012-10-23 20:28:00,20.6592592593
2012-10-23 20:29:00,20.5717391304
2012-10-23 20:30:00,20.5717391304
2012-10-23 20:31:00,20.5
2012-10-23 20:32:00,20.5745454545
2012-10-23 20:33:00,20.6055555556
2012-10-23 20:34:00,20.6388888889
2012-10-23 20:35:00,20.825
2012-10-23 20:36:00,20.9962264151
2012-10-23 20:37:00,21.0763636364
2012-10-23 20:38:00,21.0518518519
2012-10-23 20:39:00,21.1134615385
2012-10-23 20:40:00,21.15
2012-10-23 20:41:00,21.0617021277
2012-10-23 20:42:00,20.9527272727
2012-10-23 20:43:00,20.9
2012-10-23 20:44:00,20.8396551724
2012-10-23 20:45:00,20.8421052632
2012-10-23 20:46:00,20.8803571429
2012-10-23 20:47:00,20.8142857143
2012-10-23 20:48:00,20.8254545455
2012-10-23 20:49:00,20.7896551724
2012-10-23 20:50:00,20.7072727273
2012-10-23 20:51:00,20.6603448276
2012-10-23 20:52:00,20.6836363636
2012-10-23 20:53:00,20.6759259259
2012-10-23 20:54:00,20.6363636364
2012-10-23 20:55:00,20.6087719298
2012-10-23 20:56:00,20.6053571429
2012-10-23 20:57:00,20.6
2012-10-23 20:58:00,20.6035714286
2012-10-23 20:59:00,20.6155172414
2012-10-23 21:00:00,20.7
2012-10-23 21:01:00,20.7736842105
2012-10-23 21:02:00,20.8
2012-10-23 21:03:00,20.7254237288
2012-10-23 21:04:00,20.7053571429
2012-10-23 21:05:00,20.6655172414
2012-10-23 21:06:00,20.693220339
2012-10-23 21:07:00,20.7637931034
2012-10-23 21:08:00,20.8508474576
2012-10-23 21:09:00,20.9627118644
2012-10-23 21:10:00,21.013559322
2012-10-23 21:11:00,21.0888888889
2012-10-23 21:12:00,21.0157894737
2012-10-23 21:13:00,21
2012-10-23 21:14:00,21
2012-10-23 21:15:00,21
2012-10-23 21:16:00,20.9185185185
2012-10-23 21:17:00,20.975862069
2012-10-23 21:18:00,21.0140350877
2012-10-23 21:19:00,20.9982758621
2012-10-23 21:20:00,20.9355932203
2012-10-23 21:21:00,20.7842105263
2012-10-23 21:22:00,20.7089285714
2012-10-23 21:23:00,20.8
2012-10-23 21:24:00,20.7407407407
2012-10-23 21:25:00,20.7890909091
2012-10-23 21:26:00,20.7947368421
2012-10-23 21:27:00,20.8
2012-10-23 21:28:00,20.8086206897
2012-10-23 21:29:00,20.845
2012-10-23 21:30:00,20.8847457627
2012-10-23 21:31:00,20.9017241379
2012-10-23 21:32:00,20.8526315789
2012-10-23 21:33:00,20.8684210526
2012-10-23 21:34:00,20.8232142857
2012-10-23 21:35:00,20.7
2012-10-23 21:36:00,20.6070175439
2012-10-23 21:37:00,20.5913793103
2012-10-23 21:38:00,20.6
2012-10-23 21:39:00,20.6288135593
2012-10-23 21:40:00,20.6821428571
2012-10-23 21:41:00,20.6122807018
2012-10-23 21:42:00,20.5589285714
2012-10-23 21:43:00,20.5706896552
2012-10-23 21:44:00,20.5966101695
2012-10-23 21:45:00,20.5836363636
2012-10-23 21:46:00,20.5824561404
2012-10-23 21:47:00,20.5018518519
2012-10-23 21:48:00,20.4263157895
2012-10-23 21:49:00,20.3966101695
2012-10-23 21:50:00,20.3298245614
2012-10-23 21:51:00,20.3183333333
2012-10-23 21:52:00,20.3148148148
2012-10-23 21:53:00,20.4107142857
2012-10-23 21:54:00,20.4050847458
2012-10-23 21:55:00,20.4035087719
2012-10-23 21:56:00,20.3966101695
2012-10-23 21:57:00,20.3803571429
2012-10-23 21:58:00,20.2924528302
2012-10-23 21:59:00,20.2316666667
2012-10-23 22:00:00,20.1966666667
2012-10-23 22:01:00,20.2
2012-10-23 22:02:00,20.1142857143
2012-10-23 22:03:00,20.0333333333
2012-10-23 22:04:00,19.9315789474
2012-10-23 22:05:00,19.8413793103
2012-10-23 22:06:00,19.8033898305
2012-10-23 22:07:00,19.8
2012-10-23 22:08:00,19.7915254237
2012-10-23 22:09:00,19.8
2012-10-23 22:10:00,19.7793103448
2012-10-23 22:11:00,19.7716666667
2012-10-23 22:12:00,19.8035714286
2012-10-23 22:13:00,19.8983050847
2012-10-23 22:14:00,19.9103448276
2012-10-23 22:15:00,19.906779661
2012-10-23 22:16:00,19.9933333333
2012-10-23 22:17:00,20.0344827586
2012-10-23 22:18:00,20.0518518519
2012-10-23 22:19:00,19.986440678
2012-10-23 22:20:00,19.9034482759
2012-10-23 22:21:00,19.8596491228
2012-10-23 22:22:00,19.8879310345
2012-10-23 22:23:00,19.9103448276
2012-10-23 22:24:00,19.9614035088
2012-10-23 22:25:00,19.9931034483
2012-10-23 22:26:00,19.9894736842
2012-10-23 22:27:00,19.9915254237
2012-10-23 22:28:00,19.9563636364
2012-10-23 22:29:00,19.8948275862
2012-10-23 22:30:00,19.9642857143
2012-10-23 22:31:00,19.9745454545
2012-10-23 22:32:00,20.0094339623
2012-10-23 22:33:00,20.0293103448
2012-10-23 22:34:00,20.0338983051
2012-10-23 22:35:00,20.0913793103
2012-10-23 22:36:00,20.0181818182
2012-10-23 22:37:00,19.9016949153
2012-10-23 22:38:00,19.9016949153
2012-10-23 22:39:00,19.9016949153
2012-10-23 22:40:00,19.9016949153
2012-10-23 22:41:00,19.9016949153
2012-10-23 22:42:00,19.9016949153
2012-10-23 22:43:00,19.6240740741
2012-10-23 22:44:00,19.6509803922
2012-10-23 22:45:00,19.6666666667
2012-10-23 22:46:00,19.6962962963
2012-10-23 22:47:00,19.7150943396
2012-10-23 22:48:00,19.775
2012-10-23 22:49:00,19.7945454545
2012-10-23 22:50:00,19.8471698113
2012-10-23 22:51:00,19.8767857143
2012-10-23 22:52:00,19.8924528302
2012-10-23 22:53:00,19.8288461538
2012-10-23 22:54:00,19.7872727273
2012-10-23 22:55:00,19.7528301887
2012-10-23 22:56:00,19.7037735849
2012-10-23 22:57:00,19.7333333333
2012-10-23 22:58:00,19.6980392157
2012-10-23 22:59:00,19.6943396226
2012-10-23 23:00:00,19.6264150943
2012-10-23 23:01:00,19.6
2012-10-23 23:02:00,19.5509433962
2012-10-23 23:03:00,19.5462962963
2012-10-23 23:04:00,19.5982142857
2012-10-23 23:05:00,19.6176470588
2012-10-23 23:06:00,19.6052631579
2012-10-23 23:07:00,19.6
2012-10-23 23:08:00,19.6301886792
2012-10-23 23:09:00,19.7
2012-10-23 23:10:00,19.6854545455
2012-10-23 23:11:00,19.6961538462
2012-10-23 23:12:00,19.698
2012-10-23 23:13:00,19.7403846154
2012-10-23 23:14:00,19.7685185185
2012-10-23 23:15:00,19.7254901961
2012-10-23 23:16:00,19.7039215686
2012-10-23 23:17:00,19.7094339623
2012-10-23 23:18:00,19.7
2012-10-23 23:19:00,19.7037735849
2012-10-23 23:20:00,19.6339622642
2012-10-23 23:21:00,19.6092592593
2012-10-23 23:22:00,19.5903846154
2012-10-23 23:23:00,19.5946428571
2012-10-23 23:24:00,19.5796296296
2012-10-23 23:25:00,19.5490566038
2012-10-23 23:26:00,19.5807692308
2012-10-23 23:27:00,19.5892857143
2012-10-23 23:28:00,19.6018867925
2012-10-23 23:29:00,19.6
2012-10-23 23:30:00,19.6218181818
2012-10-23 23:31:00,19.6745098039
2012-10-23 23:32:00,19.5962962963
2012-10-23 23:33:00,19.5160714286
2012-10-23 23:34:00,19.4923076923
2012-10-23 23:35:00,19.4730769231
2012-10-23 23:36:00,19.4433962264
2012-10-23 23:37:00,19.4092592593
2012-10-23 23:38:00,19.4211538462
2012-10-23 23:39:00,19.4980769231
2012-10-23 23:40:00,19.5450980392
2012-10-23 23:41:00,19.5980769231
2012-10-23 23:42:00,19.5722222222
2012-10-23 23:43:00,19.5339622642
2012-10-23 23:44:00,19.5
2012-10-23 23:45:00,19.5071428571
2012-10-23 23:46:00,19.5
2012-10-23 23:47:00,19.4910714286
2012-10-23 23:48:00,19.4941176471
2012-10-23 23:49:00,19.5192307692
2012-10-23 23:50:00,19.5730769231
2012-10-23 23:51:00,19.5961538462
2012-10-23 23:52:00,19.6327272727
2012-10-23 23:53:00,19.6763636364
2012-10-23 23:54:00,19.687037037
2012-10-23 23:55:00,19.6407407407
2012-10-23 23:56:00,19.6773584906
2012-10-23 23:57:00,19.7685185185
2012-10-23 23:58:00,19.7018518519
2012-10-23 23:59:00,19.7
2012-10-24 00:00:00,19.7148148148
2012-10-24 00:01:00,19.7092592593
2012-10-24 00:02:00,19.7
2012-10-24 00:03:00,19.7
2012-10-24 00:04:00,19.7
2012-10-24 00:05:00,19.6647058824
2012-10-24 00:06:00,19.6096153846
2012-10-24 00:07:00,19.6038461538
2012-10-24 00:08:00,19.6942307692
2012-10-24 00:09:00,19.65
2012-10-24 00:10:00,19.6038461538
2012-10-24 00:11:00,19.6
2012-10-24 00:12:00,19.6509433962
2012-10-24 00:13:00,19.62
2012-10-24 00:14:00,19.6392156863
2012-10-24 00:15:00,19.7
2012-10-24 00:16:00,19.6960784314
2012-10-24 00:17:00,19.7377358491
2012-10-24 00:18:00,19.7377358491
2012-10-24 00:19:00,19.7113207547
2012-10-24 00:20:00,19.6679245283
2012-10-24 00:21:00,19.6392156863
2012-10-24 00:22:00,19.6611111111
2012-10-24 00:23:00,19.7055555556
2012-10-24 00:24:00,19.7
2012-10-24 00:25:00,19.7018518519
2012-10-24 00:26:00,19.7352941176
2012-10-24 00:27:00,19.6557692308
2012-10-24 00:28:00,19.5941176471
2012-10-24 00:29:00,19.6188679245
2012-10-24 00:30:00,19.6547169811
2012-10-24 00:31:00,19.6647058824
2012-10-24 00:32:00,19.7509803922
2012-10-24 00:33:00,19.7509803922
2012-10-24 00:34:00,19.7509803922
2012-10-24 00:35:00,19.756
2012-10-24 00:36:00,19.7196078431
2012-10-24 00:37:00,19.7431372549
2012-10-24 00:38:00,19.8
2012-10-24 00:39:00,19.8115384615
2012-10-24 00:40:00,19.7944444444
2012-10-24 00:41:00,19.7618181818
2012-10-24 00:42:00,19.7290909091
2012-10-24 00:43:00,19.6961538462
2012-10-24 00:44:00,19.7
2012-10-24 00:45:00,19.7649122807
2012-10-24 00:46:00,19.8055555556
2012-10-24 00:47:00,19.7927272727
2012-10-24 00:48:00,19.8
2012-10-24 00:49:00,19.8
2012-10-24 00:50:00,19.8
2012-10-24 00:51:00,19.7962264151
2012-10-24 00:52:00,19.7745454545
2012-10-24 00:53:00,19.7056603774
2012-10-24 00:54:00,19.714
2012-10-24 00:55:00,19.7
2012-10-24 00:56:00,19.7036363636
2012-10-24 00:57:00,19.7
2012-10-24 00:58:00,19.6962962963
2012-10-24 00:59:00,19.6927272727
2012-10-24 01:00:00,19.6947368421
2012-10-24 01:01:00,19.6982142857
2012-10-24 01:02:00,19.6903846154
2012-10-24 01:03:00,19.7
2012-10-24 01:04:00,19.7181818182
2012-10-24 01:05:00,19.7092592593
2012-10-24 01:06:00,19.7283018868
2012-10-24 01:07:00,19.7679245283
2012-10-24 01:08:00,19.794
2012-10-24 01:09:00,19.8
2012-10-24 01:10:00,19.82
2012-10-24 01:11:00,19.9053571429
2012-10-24 01:12:00,19.9314814815
2012-10-24 01:13:00,19.908
2012-10-24 01:14:00,19.8924528302
2012-10-24 01:15:00,19.9075471698
2012-10-24 01:16:00,19.9446428571
2012-10-24 01:17:00,19.9672727273
2012-10-24 01:18:00,20.0057692308
2012-10-24 01:19:00,19.9764705882
2012-10-24 01:20:00,19.9236363636
2012-10-24 01:21:00,19.9666666667
2012-10-24 01:22:00,19.9245614035
2012-10-24 01:23:00,19.9
2012-10-24 01:24:00,19.8581818182
2012-10-24 01:25:00,19.88
2012-10-24 01:26:00,19.9035714286
2012-10-24 01:27:00,19.9423076923
2012-10-24 01:28:00,19.9596153846
2012-10-24 01:29:00,20
2012-10-24 01:30:00,19.9962264151
2012-10-24 01:31:00,20.0054545455
2012-10-24 01:32:00,20.0254545455
2012-10-24 01:33:00,20.0692307692
2012-10-24 01:34:00,20.0698113208
2012-10-24 01:35:00,20.0092592593
2012-10-24 01:36:00,19.9963636364
2012-10-24 01:37:00,20.0122807018
2012-10-24 01:38:00,20.0727272727
2012-10-24 01:39:00,20.0301886792
2012-10-24 01:40:00,19.9830188679
2012-10-24 01:41:00,19.944
2012-10-24 01:42:00,20.0038461538
2012-10-24 01:43:00,20
2012-10-24 01:44:00,19.9666666667
2012-10-24 01:45:00,19.9581818182
2012-10-24 01:46:00,19.9425925926
2012-10-24 01:47:00,19.9
2012-10-24 01:48:00,19.9
2012-10-24 01:49:00,19.9735849057
2012-10-24 01:50:00,19.9941176471
2012-10-24 01:51:00,19.994
2012-10-24 01:52:00,19.962
2012-10-24 01:53:00,19.9735849057
2012-10-24 01:54:00,19.9551020408
2012-10-24 01:55:00,19.9849056604
2012-10-24 01:56:00,19.937037037
2012-10-24 01:57:00,19.9283018868
2012-10-24 01:58:00,19.9596153846
2012-10-24 01:59:00,19.9
2012-10-24 02:00:00,19.9
2012-10-24 02:01:00,19.8862745098
2012-10-24 02:02:00,19.9
2012-10-24 02:03:00,19.9571428571
2012-10-24 02:04:00,19.9964285714
2012-10-24 02:05:00,19.9450980392
2012-10-24 02:06:00,19.9132075472
2012-10-24 02:07:00,19.9
2012-10-24 02:08:00,19.9
2012-10-24 02:09:00,19.9462962963
2012-10-24 02:10:00,19.9807692308
2012-10-24 02:11:00,20.0078431373
2012-10-24 02:12:00,20.0137254902
2012-10-24 02:13:00,20.068627451
2012-10-24 02:14:00,20.038
2012-10-24 02:15:00,20.0092592593
2012-10-24 02:16:00,20.0339622642
2012-10-24 02:17:00,19.9944444444
2012-10-24 02:18:00,19.9277777778
2012-10-24 02:19:00,19.9
2012-10-24 02:20:00,19.9115384615
2012-10-24 02:21:00,19.924
2012-10-24 02:22:00,19.9538461538
2012-10-24 02:23:00,19.9773584906
2012-10-24 02:24:00,19.9586206897
2012-10-24 02:25:00,20.0036363636
2012-10-24 02:26:00,20.0054545455
2012-10-24 02:27:00,19.9346153846
2012-10-24 02:28:00,19.9035714286
2012-10-24 02:29:00,19.879245283
2012-10-24 02:30:00,19.8192307692
2012-10-24 02:31:00,19.8192307692
2012-10-24 02:32:00,19.8
2012-10-24 02:33:00,19.8
2012-10-24 02:34:00,19.8
2012-10-24 02:35:00,19.8057692308
2012-10-24 02:36:00,19.8689655172
2012-10-24 02:37:00,19.9113207547
2012-10-24 02:38:00,19.9173076923
2012-10-24 02:39:00,19.8576923077
2012-10-24 02:40:00,19.8
2012-10-24 02:41:00,19.8039215686
2012-10-24 02:42:00,19.8568627451
2012-10-24 02:43:00,19.7807692308
2012-10-24 02:44:00,19.7215686275
2012-10-24 02:45:00,19.7
2012-10-24 02:46:00,19.6730769231
2012-10-24 02:47:00,19.6823529412
2012-10-24 02:48:00,19.7134615385
2012-10-24 02:49:00,19.8056603774
2012-10-24 02:50:00,19.882
2012-10-24 02:51:00,19.8037037037
2012-10-24 02:52:00,19.7946428571
2012-10-24 02:53:00,19.7960784314
2012-10-24 02:54:00,19.7944444444
2012-10-24 02:55:00,19.779245283
2012-10-24 02:56:00,19.7789473684
2012-10-24 02:57:00,19.7351851852
2012-10-24 02:58:00,19.6653846154
2012-10-24 02:59:00,19.6716981132
2012-10-24 03:00:00,19.7
2012-10-24 03:01:00,19.7642857143
2012-10-24 03:02:00,19.7454545455
2012-10-24 03:03:00,19.7
2012-10-24 03:04:00,19.758490566
2012-10-24 03:05:00,19.8037037037
2012-10-24 03:06:00,19.8
2012-10-24 03:07:00,19.8
2012-10-24 03:08:00,19.8
2012-10-24 03:09:00,19.8037037037
2012-10-24 03:10:00,19.8423076923
2012-10-24 03:11:00,19.9019607843
2012-10-24 03:12:00,19.9098039216
2012-10-24 03:13:00,19.9169811321
2012-10-24 03:14:00,19.9169811321
2012-10-24 03:15:00,19.9901960784
2012-10-24 03:16:00,19.9716981132
2012-10-24 03:17:00,19.9145454545
2012-10-24 03:18:00,19.9839285714
2012-10-24 03:19:00,19.9884615385
2012-10-24 03:20:00,19.9759259259
2012-10-24 03:21:00,19.9173076923
2012-10-24 03:22:00,19.8960784314
2012-10-24 03:23:00,19.8944444444
2012-10-24 03:24:00,19.9181818182
2012-10-24 03:25:00,19.9814814815
2012-10-24 03:26:00,19.9849056604
2012-10-24 03:27:00,19.9980769231
2012-10-24 03:28:00,20.0037037037
2012-10-24 03:29:00,20.0807692308
2012-10-24 03:30:00,20.1
2012-10-24 03:31:00,20.1754716981
2012-10-24 03:32:00,20.1754716981
2012-10-24 03:33:00,20.1754716981
2012-10-24 03:34:00,20.1754716981
2012-10-24 03:35:00,20.1754716981
2012-10-24 03:36:00,20.1754716981
2012-10-24 03:37:00,20.7056603774
2012-10-24 03:38:00,20.7636363636
2012-10-24 03:39:00,20.8
2012-10-24 03:40:00,20.7944444444
2012-10-24 03:41:00,20.7980392157
2012-10-24 03:42:00,20.8056603774
2012-10-24 03:43:00,20.8098039216
2012-10-24 03:44:00,20.8862745098
2012-10-24 03:45:00,20.9018181818
2012-10-24 03:46:00,20.9
2012-10-24 03:47:00,20.9528301887
2012-10-24 03:48:00,20.98
2012-10-24 03:49:00,20.9283018868
2012-10-24 03:50:00,20.9730769231
2012-10-24 03:51:00,20.962745098
2012-10-24 03:52:00,20.9692307692
2012-10-24 03:53:00,20.9941176471
2012-10-24 03:54:00,20.9980769231
2012-10-24 03:55:00,21.018
2012-10-24 03:56:00,21.0076923077
2012-10-24 03:57:00,21.0490566038
2012-10-24 03:58:00,21.0218181818
2012-10-24 03:59:00,21.0078431373
2012-10-24 04:00:00,21
2012-10-24 04:01:00,20.9980769231
2012-10-24 04:02:00,21.0714285714
2012-10-24 04:03:00,21.0944444444
2012-10-24 04:04:00,21.0923076923
2012-10-24 04:05:00,21.1
2012-10-24 04:06:00,21.0942307692
2012-10-24 04:07:00,21.094
2012-10-24 04:08:00,21.0941176471
2012-10-24 04:09:00,21.104
2012-10-24 04:10:00,21.1392156863
2012-10-24 04:11:00,21.1039215686
2012-10-24 04:12:00,21.1
2012-10-24 04:13:00,21.0961538462
2012-10-24 04:14:00,21.1
2012-10-24 04:15:00,21.1274509804
2012-10-24 04:16:00,21.112962963
2012-10-24 04:17:00,21.1173076923
2012-10-24 04:18:00,21.1098039216
2012-10-24 04:19:00,21.1411764706
2012-10-24 04:20:00,21.1528301887
2012-10-24 04:21:00,21.1647058824
2012-10-24 04:22:00,21.1568627451
2012-10-24 04:23:00,21.168
2012-10-24 04:24:00,21.2
2012-10-24 04:25:00,21.184
2012-10-24 04:26:00,21.196
2012-10-24 04:27:00,21.1901960784
2012-10-24 04:28:00,21.1872727273
2012-10-24 04:29:00,21.1875
2012-10-24 04:30:00,21.1826923077
2012-10-24 04:31:00,21.2038461538
2012-10-24 04:32:00,21.1888888889
2012-10-24 04:33:00,21.2
2012-10-24 04:34:00,21.2
2012-10-24 04:35:00,21.194
2012-10-24 04:36:00,21.2
2012-10-24 04:37:00,21.2056603774
2012-10-24 04:38:00,21.2096153846
2012-10-24 04:39:00,21.2038461538
2012-10-24 04:40:00,21.2096153846
2012-10-24 04:41:00,21.2192307692
2012-10-24 04:42:00,21.2019230769
2012-10-24 04:43:00,21.2294117647
2012-10-24 04:44:00,21.2807692308
2012-10-24 04:45:00,21.2716981132
2012-10-24 04:46:00,21.2716981132
2012-10-24 04:47:00,21.2716981132
2012-10-24 04:48:00,21.2716981132
2012-10-24 04:49:00,21.3846153846
2012-10-24 04:50:00,21.4057692308
2012-10-24 04:51:00,21.4
2012-10-24 04:52:00,21.4346153846
2012-10-24 04:53:00,21.4942307692
2012-10-24 04:54:00,21.5
2012-10-24 04:55:00,21.4921568627
2012-10-24 04:56:00,21.5038461538
2012-10-24 04:57:00,21.4807692308
2012-10-24 04:58:00,21.45
2012-10-24 04:59:00,21.4156862745
2012-10-24 05:00:00,21.4137254902
2012-10-24 05:01:00,21.41
2012-10-24 05:02:00,21.396
2012-10-24 05:03:00,21.3980769231
2012-10-24 05:04:00,21.4057692308
2012-10-24 05:05:00,21.462
2012-10-24 05:06:00,21.4803921569
2012-10-24 05:07:00,21.4480769231
2012-10-24 05:08:00,21.5
2012-10-24 05:09:00,21.5
2012-10-24 05:10:00,21.51
2012-10-24 05:11:00,21.5769230769
2012-10-24 05:12:00,21.5666666667
2012-10-24 05:13:00,21.5823529412
2012-10-24 05:14:00,21.5596153846
2012-10-24 05:15:00,21.5943396226
2012-10-24 05:16:00,21.5961538462
2012-10-24 05:17:00,21.6078431373
2012-10-24 05:18:00,21.6320754717
2012-10-24 05:19:00,21.6192307692
2012-10-24 05:20:00,21.637254902
2012-10-24 05:21:00,21.6509433962
2012-10-24 05:22:00,21.6092592593
2012-10-24 05:23:00,21.6156862745
2012-10-24 05:24:00,21.6215686275
2012-10-24 05:25:00,21.6081632653
2012-10-24 05:26:00,21.6269230769
2012-10-24 05:27:00,21.6117647059
2012-10-24 05:28:00,21.5884615385
2012-10-24 05:29:00,21.6092592593
2012-10-24 05:30:00,21.5647058824
2012-10-24 05:31:00,21.5365384615
2012-10-24 05:32:00,21.5
2012-10-24 05:33:00,21.5
2012-10-24 05:34:00,21.5
2012-10-24 05:35:00,21.5
2012-10-24 05:36:00,21.4730769231
2012-10-24 05:37:00,21.4078431373
2012-10-24 05:38:00,21.3960784314
2012-10-24 05:39:00,21.4092592593
2012-10-24 05:40:00,21.4
2012-10-24 05:41:00,21.4
2012-10-24 05:42:00,21.416
2012-10-24 05:43:00,21.4075471698
2012-10-24 05:44:00,21.4096153846
2012-10-24 05:45:00,21.4
2012-10-24 05:46:00,21.4
2012-10-24 05:47:00,21.4055555556
2012-10-24 05:48:00,21.4235294118
2012-10-24 05:49:00,21.4196078431
2012-10-24 05:50:00,21.4111111111
2012-10-24 05:51:00,21.4421052632
2012-10-24 05:52:00,21.4672413793
2012-10-24 05:53:00,21.4530612245
2012-10-24 05:54:00,21.4692307692
2012-10-24 05:55:00,21.4471698113
2012-10-24 05:56:00,21.4346153846
2012-10-24 05:57:00,21.4442307692
2012-10-24 05:58:00,21.4115384615
2012-10-24 05:59:00,21.4039215686
2012-10-24 06:00:00,21.3903846154
2012-10-24 06:01:00,21.4196078431
2012-10-24 06:02:00,21.4
2012-10-24 06:03:00,21.4254901961
2012-10-24 06:04:00,21.4705882353
2012-10-24 06:05:00,21.4442307692
2012-10-24 06:06:00,21.4115384615
2012-10-24 06:07:00,21.4
2012-10-24 06:08:00,21.4
2012-10-24 06:09:00,21.4094339623
2012-10-24 06:10:00,21.4
2012-10-24 06:11:00,21.4076923077
2012-10-24 06:12:00,21.4058823529
2012-10-24 06:13:00,21.4117647059
2012-10-24 06:14:00,21.4153846154
2012-10-24 06:15:00,21.4039215686
2012-10-24 06:16:00,21.3961538462
2012-10-24 06:17:00,21.396
2012-10-24 06:18:00,21.4
2012-10-24 06:19:00,21.4019230769
2012-10-24 06:20:00,21.4018181818
2012-10-24 06:21:00,21.4153846154
2012-10-24 06:22:00,21.4235294118
2012-10-24 06:23:00,21.4038461538
2012-10-24 06:24:00,21.4192307692
2012-10-24 06:25:00,21.4039215686
2012-10-24 06:26:00,21.3901960784
2012-10-24 06:27:00,21.3961538462
2012-10-24 06:28:00,21.4019230769
2012-10-24 06:29:00,21.3980392157
2012-10-24 06:30:00,21.3941176471
2012-10-24 06:31:00,21.3941176471
2012-10-24 06:32:00,21.3924528302
2012-10-24 06:33:00,21.384
2012-10-24 06:34:00,21.3826923077
2012-10-24 06:35:00,21.3901960784
2012-10-24 06:36:00,21.3903846154
2012-10-24 06:37:00,21.4038461538
2012-10-24 06:38:00,21.4
2012-10-24 06:39:00,21.4076923077
2012-10-24 06:40:00,21.4038461538
2012-10-24 06:41:00,21.4038461538
2012-10-24 06:42:00,21.4038461538
2012-10-24 06:43:00,21.4038461538
2012-10-24 06:44:00,21.4038461538
2012-10-24 06:45:00,21.4038461538
2012-10-24 06:46:00,21.4038461538
2012-10-24 06:47:00,21.568627451
2012-10-24 06:48:00,21.5450980392
2012-10-24 06:49:00,21.5396226415
2012-10-24 06:50:00,21.5381818182
2012-10-24 06:51:00,21.5777777778
2012-10-24 06:52:00,21.6057692308
2012-10-24 06:53:00,21.6
2012-10-24 06:54:00,21.5961538462
2012-10-24 06:55:00,21.6
2012-10-24 06:56:00,21.6
2012-10-24 06:57:00,21.6
2012-10-24 06:58:00,21.6058823529
2012-10-24 06:59:00,21.6076923077
2012-10-24 07:00:00,21.6307692308
2012-10-24 07:01:00,21.6843137255
2012-10-24 07:02:00,21.7
2012-10-24 07:03:00,21.7
2012-10-24 07:04:00,21.692
2012-10-24 07:05:00,21.631372549
2012-10-24 07:06:00,21.6
2012-10-24 07:07:00,21.6132075472
2012-10-24 07:08:00,21.6
2012-10-24 07:09:00,21.6
2012-10-24 07:10:00,21.6
2012-10-24 07:11:00,21.5903846154
2012-10-24 07:12:00,21.5745098039
2012-10-24 07:13:00,21.6
2012-10-24 07:14:00,21.6038461538
2012-10-24 07:15:00,21.6078431373
2012-10-24 07:16:00,21.6039215686
2012-10-24 07:17:00,21.6
2012-10-24 07:18:00,21.5921568627
2012-10-24 07:19:00,21.575
2012-10-24 07:20:00,21.5775510204
2012-10-24 07:21:00,21.5403846154
2012-10-24 07:22:00,21.5666666667
2012-10-24 07:23:00,21.6096153846
2012-10-24 07:24:00,21.6096153846
2012-10-24 07:25:00,21.6096153846
2012-10-24 07:26:00,21.6096153846
2012-10-24 07:27:00,21.6215686275
2012-10-24 07:28:00,21.625
2012-10-24 07:29:00,21.6
2012-10-24 07:30:00,21.6057692308
2012-10-24 07:31:00,21.6
2012-10-24 07:32:00,21.6
2012-10-24 07:33:00,21.6
2012-10-24 07:34:00,21.606122449
2012-10-24 07:35:00,21.6153846154
2012-10-24 07:36:00,21.6
2012-10-24 07:37:00,21.6
2012-10-24 07:38:00,21.606
2012-10-24 07:39:00,21.598
2012-10-24 07:40:00,21.5901960784
2012-10-24 07:41:00,21.6019230769
2012-10-24 07:42:00,21.5941176471
2012-10-24 07:43:00,21.594
2012-10-24 07:44:00,21.5941176471
2012-10-24 07:45:00,21.5980769231
2012-10-24 07:46:00,21.6
2012-10-24 07:47:00,21.6
2012-10-24 07:48:00,21.5941176471
2012-10-24 07:49:00,21.5865384615
2012-10-24 07:50:00,21.6
2012-10-24 07:51:00,21.5960784314
2012-10-24 07:52:00,21.5865384615
2012-10-24 07:53:00,21.6
2012-10-24 07:54:00,21.5862745098
2012-10-24 07:55:00,21.5862745098
2012-10-24 07:56:00,21.5862745098
2012-10-24 07:57:00,21.5862745098
2012-10-24 07:58:00,21.5962962963
2012-10-24 07:59:00,21.5962962963
2012-10-24 08:00:00,21.5962962963
2012-10-24 08:01:00,21.5962962963
2012-10-24 08:02:00,21.5962962963
2012-10-24 08:03:00,21.592
2012-10-24 08:04:00,21.6
2012-10-24 08:05:00,21.5764705882
2012-10-24 08:06:00,21.5188679245
2012-10-24 08:07:00,21.5019230769
2012-10-24 08:08:00,21.4913793103
2012-10-24 08:09:00,21.5038461538
2012-10-24 08:10:00,21.5407407407
2012-10-24 08:11:00,21.5901960784
2012-10-24 08:12:00,21.5943396226
2012-10-24 08:13:00,21.6019607843
2012-10-24 08:14:00,21.5923076923
2012-10-24 08:15:00,21.5622641509
2012-10-24 08:16:00,21.5094339623
2012-10-24 08:17:00,21.5
2012-10-24 08:18:00,21.5018867925
2012-10-24 08:19:00,21.5
2012-10-24 08:20:00,21.5
2012-10-24 08:21:00,21.498
2012-10-24 08:22:00,21.5
2012-10-24 08:23:00,21.5057692308
2012-10-24 08:24:00,21.4942307692
2012-10-24 08:25:00,21.5113207547
2012-10-24 08:26:00,21.5264150943
2012-10-24 08:27:00,21.5078431373
2012-10-24 08:28:00,21.5
2012-10-24 08:29:00,21.5
2012-10-24 08:30:00,21.5
2012-10-24 08:31:00,21.5
2012-10-24 08:32:00,21.5
2012-10-24 08:33:00,21.5
2012-10-24 08:34:00,21.4943396226
2012-10-24 08:35:00,21.5035714286
2012-10-24 08:36:00,21.5018867925
2012-10-24 08:37:00,21.5
2012-10-24 08:38:00,21.5036363636
2012-10-24 08:39:00,21.5039215686
2012-10-24 08:40:00,21.4962264151
2012-10-24 08:41:00,21.4962264151
2012-10-24 08:42:00,21.4962264151
2012-10-24 08:43:00,21.4962264151
2012-10-24 08:44:00,21.4962264151
2012-10-24 08:45:00,21.5075471698
2012-10-24 08:46:00,21.5
2012-10-24 08:47:00,21.5
2012-10-24 08:48:00,21.5173076923
2012-10-24 08:49:00,21.5
2012-10-24 08:50:00,21.5
2012-10-24 08:51:00,21.4921568627
2012-10-24 08:52:00,21.4921568627
2012-10-24 08:53:00,21.4921568627
2012-10-24 08:54:00,21.4921568627
2012-10-24 08:55:00,21.4921568627
2012-10-24 08:56:00,21.4921568627
2012-10-24 08:57:00,21.416
2012-10-24 08:58:00,21.4096153846
2012-10-24 08:59:00,21.4058823529
2012-10-24 09:00:00,21.3941176471
2012-10-24 09:01:00,21.4056603774
2012-10-24 09:02:00,21.4823529412
2012-10-24 09:03:00,21.5056603774
2012-10-24 09:04:00,21.4897959184
2012-10-24 09:05:00,21.4519230769
2012-10-24 09:06:00,21.4037735849
2012-10-24 09:07:00,21.4117647059
2012-10-24 09:08:00,21.4269230769
2012-10-24 09:09:00,21.4403846154
2012-10-24 09:10:00,21.428
2012-10-24 09:11:00,21.4156862745
2012-10-24 09:12:00,21.437254902
2012-10-24 09:13:00,21.4961538462
2012-10-24 09:14:00,21.4962962963
2012-10-24 09:15:00,21.49
2012-10-24 09:16:00,21.4113207547
2012-10-24 09:17:00,21.4
2012-10-24 09:18:00,21.4137254902
2012-10-24 09:19:00,21.4823529412
2012-10-24 09:20:00,21.5
2012-10-24 09:21:00,21.5
2012-10-24 09:22:00,21.5038461538
2012-10-24 09:23:00,21.4960784314
2012-10-24 09:24:00,21.4377358491
2012-10-24 09:25:00,21.4056603774
2012-10-24 09:26:00,21.4094339623
2012-10-24 09:27:00,21.4288461538
2012-10-24 09:28:00,21.45
2012-10-24 09:29:00,21.4826923077
2012-10-24 09:30:00,21.4365384615
2012-10-24 09:31:00,21.4346153846
2012-10-24 09:32:00,21.4679245283
2012-10-24 09:33:00,21.4673076923
2012-10-24 09:34:00,21.4549019608
2012-10-24 09:35:00,21.4632653061
2012-10-24 09:36:00,21.4549019608
2012-10-24 09:37:00,21.4452830189
2012-10-24 09:38:00,21.4346153846
2012-10-24 09:39:00,21.441509434
2012-10-24 09:40:00,21.4280701754
2012-10-24 09:41:00,21.4470588235
2012-10-24 09:42:00,21.4941176471
2012-10-24 09:43:00,21.4942307692
2012-10-24 09:44:00,21.4867924528
2012-10-24 09:45:00,21.4843137255
2012-10-24 09:46:00,21.4745098039
2012-10-24 09:47:00,21.4980769231
2012-10-24 09:48:00,21.5019607843
2012-10-24 09:49:00,21.5527272727
2012-10-24 09:50:00,21.5527272727
2012-10-24 09:51:00,21.5527272727
2012-10-24 09:52:00,21.5527272727
2012-10-24 09:53:00,21.5527272727
2012-10-24 09:54:00,21.6903846154
2012-10-24 09:55:00,21.7057692308
2012-10-24 09:56:00,21.7423076923
2012-10-24 09:57:00,21.7076923077
2012-10-24 09:58:00,21.6339622642
2012-10-24 09:59:00,21.6037735849
2012-10-24 10:00:00,21.6018867925
2012-10-24 10:01:00,21.522
2012-10-24 10:02:00,21.4574074074
2012-10-24 10:03:00,21.4056603774
2012-10-24 10:04:00,21.4
2012-10-24 10:05:00,21.3538461538
2012-10-24 10:06:00,21.2942307692
2012-10-24 10:07:00,21.258
2012-10-24 10:08:00,21.1905660377
2012-10-24 10:09:00,21.1235294118
2012-10-24 10:10:00,21.0818181818
2012-10-24 10:11:00,21
2012-10-24 10:12:00,20.9411764706
2012-10-24 10:13:00,20.9901960784
2012-10-24 10:14:00,20.9267857143
2012-10-24 10:15:00,20.8649122807
2012-10-24 10:16:00,20.7945454545
2012-10-24 10:17:00,20.7666666667
2012-10-24 10:18:00,20.6568627451
2012-10-24 10:19:00,20.6
2012-10-24 10:20:00,20.5962962963
2012-10-24 10:21:00,20.6056603774
2012-10-24 10:22:00,20.5653846154
2012-10-24 10:23:00,20.5076923077
2012-10-24 10:24:00,20.3740740741
2012-10-24 10:25:00,20.3
2012-10-24 10:26:00,20.3
2012-10-24 10:27:00,20.3
2012-10-24 10:28:00,20.3
2012-10-24 10:29:00,20.3018181818
2012-10-24 10:30:00,20.2377358491
2012-10-24 10:31:00,20.2222222222
2012-10-24 10:32:00,20.2113207547
2012-10-24 10:33:00,20.2
2012-10-24 10:34:00,20.1557692308
2012-10-24 10:35:00,20.1461538462
2012-10-24 10:36:00,20.1285714286
2012-10-24 10:37:00,20.1264150943
2012-10-24 10:38:00,20.1673076923
2012-10-24 10:39:00,20.1634615385
2012-10-24 10:40:00,20.187037037
2012-10-24 10:41:00,20.1962264151
2012-10-24 10:42:00,20.1283018868
2012-10-24 10:43:00,20.1038461538
2012-10-24 10:44:00,20.1333333333
2012-10-24 10:45:00,20.1759259259
2012-10-24 10:46:00,20.2
2012-10-24 10:47:00,20.2094339623
2012-10-24 10:48:00,20.2107142857
2012-10-24 10:49:00,20.2090909091
2012-10-24 10:50:00,20.2107142857
2012-10-24 10:51:00,20.2924528302
2012-10-24 10:52:00,20.3
2012-10-24 10:53:00,20.2830508475
2012-10-24 10:54:00,20.2719298246
2012-10-24 10:55:00,20.3
2012-10-24 10:56:00,20.2960784314
2012-10-24 10:57:00,20.3
2012-10-24 10:58:00,20.2964285714
2012-10-24 10:59:00,20.2964912281
2012-10-24 11:00:00,20.2963636364
2012-10-24 11:01:00,20.3
2012-10-24 11:02:00,20.2964285714
2012-10-24 11:03:00,20.3
2012-10-24 11:04:00,20.3
2012-10-24 11:05:00,20.3
2012-10-24 11:06:00,20.2826923077
2012-10-24 11:07:00,20.3
2012-10-24 11:08:00,20.3
2012-10-24 11:09:00,20.2945454545
2012-10-24 11:10:00,20.2867924528
2012-10-24 11:11:00,20.3
2012-10-24 11:12:00,20.2875
2012-10-24 11:13:00,20.2872727273
2012-10-24 11:14:00,20.2961538462
2012-10-24 11:15:00,20.3
2012-10-24 11:16:00,20.3
2012-10-24 11:17:00,20.3
2012-10-24 11:18:00,20.3
2012-10-24 11:19:00,20.3
2012-10-24 11:20:00,20.3
2012-10-24 11:21:00,20.3
2012-10-24 11:22:00,20.3
2012-10-24 11:23:00,20.3
2012-10-24 11:24:00,20.1
2012-10-24 11:25:00,20.0821428571
2012-10-24 11:26:00,20.0072727273
2012-10-24 11:27:00,20.0037735849
2012-10-24 11:28:00,20.0461538462
2012-10-24 11:29:00,20.1
2012-10-24 11:30:00,20.1036363636
2012-10-24 11:31:00,20.0637931034
2012-10-24 11:32:00,20.0230769231
2012-10-24 11:33:00,20.1
2012-10-24 11:34:00,20.0203703704
2012-10-24 11:35:00,19.9490196078
2012-10-24 11:36:00,19.9928571429
2012-10-24 11:37:00,20
2012-10-24 11:38:00,20.025
2012-10-24 11:39:00,20.095
2012-10-24 11:40:00,20.0310344828
2012-10-24 11:41:00,20.0509433962
2012-10-24 11:42:00,19.9982142857
2012-10-24 11:43:00,19.9571428571
2012-10-24 11:44:00,19.9214285714
2012-10-24 11:45:00,19.9389830508
2012-10-24 11:46:00,20
2012-10-24 11:47:00,19.9824561404
2012-10-24 11:48:00,19.9344827586
2012-10-24 11:49:00,19.9859649123
2012-10-24 11:50:00,20.0375
2012-10-24 11:51:00,20
2012-10-24 11:52:00,19.9966101695
2012-10-24 11:53:00,19.9966101695
2012-10-24 11:54:00,20.0216666667
2012-10-24 11:55:00,20.0366666667
2012-10-24 11:56:00,20
2012-10-24 11:57:00,20.0389830508
2012-10-24 11:58:00,20.0389830508
2012-10-24 11:59:00,20.0389830508
2012-10-24 12:00:00,20.0389830508
2012-10-24 12:01:00,20.0389830508
2012-10-24 12:02:00,20.1406779661
2012-10-24 12:03:00,20.2083333333
2012-10-24 12:04:00,20.2677966102
2012-10-24 12:05:00,20.2186440678
2012-10-24 12:06:00,20.2140350877
2012-10-24 12:07:00,20.2416666667
2012-10-24 12:08:00,20.2172413793
2012-10-24 12:09:00,20.2254237288
2012-10-24 12:10:00,20.2172413793
2012-10-24 12:11:00,20.1948275862
2012-10-24 12:12:00,20.2525423729
2012-10-24 12:13:00,20.3508474576
2012-10-24 12:14:00,20.4355932203
2012-10-24 12:15:00,20.4983333333
2012-10-24 12:16:00,20.4966666667
2012-10-24 12:17:00,20.5036363636
2012-10-24 12:18:00,20.6016949153
2012-10-24 12:19:00,20.7
2012-10-24 12:20:00,20.6966666667
2012-10-24 12:21:00,20.6965517241
2012-10-24 12:22:00,20.7644067797
2012-10-24 12:23:00,20.8
2012-10-24 12:24:00,20.825
2012-10-24 12:25:00,20.9086206897
2012-10-24 12:26:00,20.9166666667
2012-10-24 12:27:00,20.9796610169
2012-10-24 12:28:00,20.9915254237
2012-10-24 12:29:00,20.9406779661
2012-10-24 12:30:00,20.8803571429
2012-10-24 12:31:00,20.84
2012-10-24 12:32:00,20.8
2012-10-24 12:33:00,20.7945454545
2012-10-24 12:34:00,20.8107142857
2012-10-24 12:35:00,20.841509434
2012-10-24 12:36:00,20.841509434
2012-10-24 12:37:00,20.898
2012-10-24 12:38:00,20.975
2012-10-24 12:39:00,20.9931034483
2012-10-24 12:40:00,20.9793103448
2012-10-24 12:41:00,21.0406779661
2012-10-24 12:42:00,21.1
2012-10-24 12:43:00,21.0593220339
2012-10-24 12:44:00,21.0896551724
2012-10-24 12:45:00,21.1526315789
2012-10-24 12:46:00,21.1915254237
2012-10-24 12:47:00,21.065
2012-10-24 12:48:00,20.9833333333
2012-10-24 12:49:00,20.8844827586
2012-10-24 12:50:00,20.7965517241
2012-10-24 12:51:00,20.8
2012-10-24 12:52:00,20.786440678
2012-10-24 12:53:00,20.685
2012-10-24 12:54:00,20.6
2012-10-24 12:55:00,20.5948275862
2012-10-24 12:56:00,20.5824561404
2012-10-24 12:57:00,20.5844827586
2012-10-24 12:58:00,20.575862069
2012-10-24 12:59:00,20.6
2012-10-24 13:00:00,20.6186440678
2012-10-24 13:01:00,20.6305084746
2012-10-24 13:02:00,20.565
2012-10-24 13:03:00,20.5
2012-10-24 13:04:00,20.5120689655
2012-10-24 13:05:00,20.5050847458
2012-10-24 13:06:00,20.5
2012-10-24 13:07:00,20.5672413793
2012-10-24 13:08:00,20.5896551724
2012-10-24 13:09:00,20.59
2012-10-24 13:10:00,20.6533333333
2012-10-24 13:11:00,20.6169491525
2012-10-24 13:12:00,20.5052631579
2012-10-24 13:13:00,20.3810344828
2012-10-24 13:14:00,20.3881355932
2012-10-24 13:15:00,20.4275862069
2012-10-24 13:16:00,20.5050847458
2012-10-24 13:17:00,20.5325
2012-10-24 13:18:00,20.4
2012-10-24 13:19:00,20.4033333333
2012-10-24 13:20:00,20.4035087719
2012-10-24 13:21:00,20.4666666667
2012-10-24 13:22:00,20.5264150943
2012-10-24 13:23:00,20.5830508475
2012-10-24 13:24:00,20.5844444444
2012-10-24 13:25:00,20.6016666667
2012-10-24 13:26:00,20.698245614
2012-10-24 13:27:00,20.6245614035
2012-10-24 13:28:00,20.55
2012-10-24 13:29:00,20.4534482759
2012-10-24 13:30:00,20.4033333333
2012-10-24 13:31:00,20.4508474576
2012-10-24 13:32:00,20.5355932203
2012-10-24 13:33:00,20.613559322
2012-10-24 13:34:00,20.6966101695
2012-10-24 13:35:00,20.693220339
2012-10-24 13:36:00,20.593220339
2012-10-24 13:37:00,20.5288135593
2012-10-24 13:38:00,20.5142857143
2012-10-24 13:39:00,20.5016949153
2012-10-24 13:40:00,20.4983050847
2012-10-24 13:41:00,20.5152542373
2012-10-24 13:42:00,20.5810344828
2012-10-24 13:43:00,20.598245614
2012-10-24 13:44:00,20.5982758621
2012-10-24 13:45:00,20.5966101695
2012-10-24 13:46:00,20.5966101695
2012-10-24 13:47:00,20.5966101695
2012-10-24 13:48:00,20.5966101695
2012-10-24 13:49:00,20.5966101695
2012-10-24 13:50:00,20.5966101695
2012-10-24 13:51:00,20.8965517241
2012-10-24 13:52:00,20.8965517241
2012-10-24 13:53:00,20.8830508475
2012-10-24 13:54:00,20.865
2012-10-24 13:55:00,20.9122807018
2012-10-24 13:56:00,20.9813559322
2012-10-24 13:57:00,20.9389830508
2012-10-24 13:58:00,20.904
2012-10-24 13:59:00,20.8327272727
2012-10-24 14:00:00,20.7574074074
2012-10-24 14:01:00,20.7
2012-10-24 14:02:00,20.6966101695
2012-10-24 14:03:00,20.6440677966
2012-10-24 14:04:00,20.725862069
2012-10-24 14:05:00,20.8508474576
2012-10-24 14:06:00,20.9927272727
2012-10-24 14:07:00,21.0672413793
2012-10-24 14:08:00,20.9964285714
2012-10-24 14:09:00,20.9155172414
2012-10-24 14:10:00,20.9431034483
2012-10-24 14:11:00,21.0018867925
2012-10-24 14:12:00,21.0172413793
2012-10-24 14:13:00,21.1
2012-10-24 14:14:00,21.1033898305
2012-10-24 14:15:00,21.1913793103
2012-10-24 14:16:00,21.2288135593
2012-10-24 14:17:00,21.1896551724
2012-10-24 14:18:00,21.2
2012-10-24 14:19:00,21.2051724138
2012-10-24 14:20:00,21.1661016949
2012-10-24 14:21:00,21.2586206897
2012-10-24 14:22:00,21.3152542373
2012-10-24 14:23:00,21.3694915254
2012-10-24 14:24:00,21.3892857143
2012-10-24 14:25:00,21.3775862069
2012-10-24 14:26:00,21.2745762712
2012-10-24 14:27:00,21.225862069
2012-10-24 14:28:00,21.2961538462
2012-10-24 14:29:00,21.2981132075
2012-10-24 14:30:00,21.3648148148
2012-10-24 14:31:00,21.4620689655
2012-10-24 14:32:00,21.5807017544
2012-10-24 14:33:00,21.6689655172
2012-10-24 14:34:00,21.6678571429
2012-10-24 14:35:00,21.7421052632
2012-10-24 14:36:00,21.7833333333
2012-10-24 14:37:00,21.8
2012-10-24 14:38:00,21.8035087719
2012-10-24 14:39:00,21.7946428571
2012-10-24 14:40:00,21.7660714286
2012-10-24 14:41:00,21.7961538462
2012-10-24 14:42:00,21.7228070175
2012-10-24 14:43:00,21.6
2012-10-24 14:44:00,21.5614035088
2012-10-24 14:45:00,21.5203389831
2012-10-24 14:46:00,21.6456140351
2012-10-24 14:47:00,21.7482758621
2012-10-24 14:48:00,21.7694915254
2012-10-24 14:49:00,21.62
2012-10-24 14:50:00,21.5661016949
2012-10-24 14:51:00,21.498245614
2012-10-24 14:52:00,21.4196428571
2012-10-24 14:53:00,21.3166666667
2012-10-24 14:54:00,21.2446428571
2012-10-24 14:55:00,21.1333333333
2012-10-24 14:56:00,21.0660714286
2012-10-24 14:57:00,20.9807017544
2012-10-24 14:58:00,20.9
2012-10-24 14:59:00,20.8745762712
2012-10-24 15:00:00,20.895
2012-10-24 15:01:00,20.9924528302
2012-10-24 15:02:00,21.0981481481
2012-10-24 15:03:00,21.1090909091
2012-10-24 15:04:00,21.1125
2012-10-24 15:05:00,21.049122807
2012-10-24 15:06:00,21.0946428571
2012-10-24 15:07:00,21.125862069
2012-10-24 15:08:00,21.1603448276
2012-10-24 15:09:00,21.0771929825
2012-10-24 15:10:00,20.9644067797
2012-10-24 15:11:00,20.9018181818
2012-10-24 15:12:00,20.9285714286
2012-10-24 15:13:00,20.9087719298
2012-10-24 15:14:00,20.9050847458
2012-10-24 15:15:00,20.9053571429
2012-10-24 15:16:00,20.8051724138
2012-10-24 15:17:00,20.8
2012-10-24 15:18:00,20.7966101695
2012-10-24 15:19:00,20.7821428571
2012-10-24 15:20:00,20.7525423729
2012-10-24 15:21:00,20.7070175439
2012-10-24 15:22:00,20.7245614035
2012-10-24 15:23:00,20.8875
2012-10-24 15:24:00,21.0206896552
2012-10-24 15:25:00,21.0423728814
2012-10-24 15:26:00,21.0109090909
2012-10-24 15:27:00,20.9385964912
2012-10-24 15:28:00,20.8966101695
2012-10-24 15:29:00,20.8948275862
2012-10-24 15:30:00,20.8561403509
2012-10-24 15:31:00,20.8912280702
2012-10-24 15:32:00,20.94
2012-10-24 15:33:00,21
2012-10-24 15:34:00,21.0107142857
2012-10-24 15:35:00,20.9677966102
2012-10-24 15:36:00,20.9
2012-10-24 15:37:00,20.9576271186
2012-10-24 15:38:00,21.0206896552
2012-10-24 15:39:00,21.0203389831
2012-10-24 15:40:00,21.0016949153
2012-10-24 15:41:00,20.9457627119
2012-10-24 15:42:00,20.8368421053
2012-10-24 15:43:00,20.8152542373
2012-10-24 15:44:00,20.7965517241
2012-10-24 15:45:00,20.7413793103
2012-10-24 15:46:00,20.7107142857
2012-10-24 15:47:00,20.6872727273
2012-10-24 15:48:00,20.737037037
2012-10-24 15:49:00,20.901754386
2012-10-24 15:50:00,20.8586206897
2012-10-24 15:51:00,20.8
2012-10-24 15:52:00,20.7946428571
2012-10-24 15:53:00,20.7642857143
2012-10-24 15:54:00,20.7084745763
2012-10-24 15:55:00,20.7051724138
2012-10-24 15:56:00,20.7172413793
2012-10-24 15:57:00,20.8303571429
2012-10-24 15:58:00,20.8929824561
2012-10-24 15:59:00,20.9122807018
2012-10-24 16:00:00,20.9542372881
2012-10-24 16:01:00,20.9732142857
2012-10-24 16:02:00,21
2012-10-24 16:03:00,20.98
2012-10-24 16:04:00,20.9053571429
2012-10-24 16:05:00,20.9034482759
2012-10-24 16:06:00,20.925862069
2012-10-24 16:07:00,20.9892857143
2012-10-24 16:08:00,21.0172413793
2012-10-24 16:09:00,21.0842105263
2012-10-24 16:10:00,21.175862069
2012-10-24 16:11:00,21.2220338983
2012-10-24 16:12:00,21.2589285714
2012-10-24 16:13:00,21.3275862069
2012-10-24 16:14:00,21.3827586207
2012-10-24 16:15:00,21.4017241379
2012-10-24 16:16:00,21.36
2012-10-24 16:17:00,21.3396551724
2012-10-24 16:18:00,21.2777777778
2012-10-24 16:19:00,21.2152542373
2012-10-24 16:20:00,21.2421052632
2012-10-24 16:21:00,21.2403508772
2012-10-24 16:22:00,21.2857142857
2012-10-24 16:23:00,21.287755102
2012-10-24 16:24:00,21.3161290323
2012-10-24 16:25:00,21.2953488372
2012-10-24 16:26:00,21.2529411765
2012-10-24 16:27:00,21.232
2012-10-24 16:28:00,21.1912280702
2012-10-24 16:29:00,21.1724137931
2012-10-24 16:30:00,21.1122807018
2012-10-24 16:31:00,21.1
2012-10-24 16:32:00,21.0948275862
2012-10-24 16:33:00,21.1
2012-10-24 16:34:00,21.0122807018
2012-10-24 16:35:00,21.0228070175
2012-10-24 16:36:00,21.1051724138
2012-10-24 16:37:00,21.175
2012-10-24 16:38:00,21.1561403509
2012-10-24 16:39:00,21.196
2012-10-24 16:40:00,21.1653846154
2012-10-24 16:41:00,21.1352941176
2012-10-24 16:42:00,21.0523809524
2012-10-24 16:43:00,20.9962264151
2012-10-24 16:44:00,20.8862068966
2012-10-24 16:45:00,20.8456140351
2012-10-24 16:46:00,20.8827586207
2012-10-24 16:47:00,20.8913793103
2012-10-24 16:48:00,20.8822222222
2012-10-24 16:49:00,20.8789473684
2012-10-24 16:50:00,20.8689655172
2012-10-24 16:51:00,20.8163636364
2012-10-24 16:52:00,20.8
2012-10-24 16:53:00,20.8464285714
2012-10-24 16:54:00,20.9228070175
2012-10-24 16:55:00,20.9813559322
2012-10-24 16:56:00,21.0310344828
2012-10-24 16:57:00,21.0824561404
2012-10-24 16:58:00,21.1517857143
2012-10-24 16:59:00,21.3320754717
2012-10-24 17:00:00,21.4172413793
2012-10-24 17:01:00,21.3581818182
2012-10-24 17:02:00,21.285
2012-10-24 17:03:00,21.2035087719
2012-10-24 17:04:00,21.2036363636
2012-10-24 17:05:00,21.2333333333
2012-10-24 17:06:00,21.2912280702
2012-10-24 17:07:00,21.3310344828
2012-10-24 17:08:00,21.3946428571
2012-10-24 17:09:00,21.3140350877
2012-10-24 17:10:00,21.4388888889
2012-10-24 17:11:00,21.4775862069
2012-10-24 17:12:00,21.4068965517
2012-10-24 17:13:00,21.3310344828
2012-10-24 17:14:00,21.2224137931
2012-10-24 17:15:00,21.2086206897
2012-10-24 17:16:00,21.2728813559
2012-10-24 17:17:00,21.4321428571
2012-10-24 17:18:00,21.5092592593
2012-10-24 17:19:00,21.5018518519
2012-10-24 17:20:00,21.5271186441
2012-10-24 17:21:00,21.5965517241
2012-10-24 17:22:00,21.5847457627
2012-10-24 17:23:00,21.5740740741
2012-10-24 17:24:00,21.5339285714
2012-10-24 17:25:00,21.574137931
2012-10-24 17:26:00,21.6053571429
2012-10-24 17:27:00,21.7
2012-10-24 17:28:00,21.6071428571
2012-10-24 17:29:00,21.601754386
2012-10-24 17:30:00,21.6807017544
2012-10-24 17:31:00,21.7589285714
2012-10-24 17:32:00,21.7912280702
2012-10-24 17:33:00,21.7781818182
2012-10-24 17:34:00,21.6773584906
2012-10-24 17:35:00,21.6
2012-10-24 17:36:00,21.6537037037
2012-10-24 17:37:00,21.5931034483
2012-10-24 17:38:00,21.5254545455
2012-10-24 17:39:00,21.5166666667
2012-10-24 17:40:00,21.4944444444
2012-10-24 17:41:00,21.4892857143
2012-10-24 17:42:00,21.4421052632
2012-10-24 17:43:00,21.3362068966
2012-10-24 17:44:00,21.2826923077
2012-10-24 17:45:00,21.2160714286
2012-10-24 17:46:00,21.2089285714
2012-10-24 17:47:00,21.1773584906
2012-10-24 17:48:00,21.0535714286
2012-10-24 17:49:00,21.0071428571
2012-10-24 17:50:00,20.9690909091
2012-10-24 17:51:00,21.0156862745
2012-10-24 17:52:00,21.0909090909
2012-10-24 17:53:00,21.102
2012-10-24 17:54:00,21.1
2012-10-24 17:55:00,21.1044444444
2012-10-24 17:56:00,21.1690909091
2012-10-24 17:57:00,21.1827586207
2012-10-24 17:58:00,21.1965517241
2012-10-24 17:59:00,21.250877193
2012-10-24 18:00:00,21.3431034483
2012-10-24 18:01:00,21.3222222222
2012-10-24 18:02:00,21.2844827586
2012-10-24 18:03:00,21.2280701754
2012-10-24 18:04:00,21.1931034483
2012-10-24 18:05:00,21.1163636364
2012-10-24 18:06:00,21.1160714286
2012-10-24 18:07:00,21.1052631579
2012-10-24 18:08:00,21.0811320755
2012-10-24 18:09:00,21.0542372881
2012-10-24 18:10:00,21.0559322034
2012-10-24 18:11:00,21.1196428571
2012-10-24 18:12:00,21.2105263158
2012-10-24 18:13:00,21.3
2012-10-24 18:14:00,21.3214285714
2012-10-24 18:15:00,21.3090909091
2012-10-24 18:16:00,21.2379310345
2012-10-24 18:17:00,21.1396551724
2012-10-24 18:18:00,21.0962264151
2012-10-24 18:19:00,21.0094339623
2012-10-24 18:20:00,21.0655172414
2012-10-24 18:21:00,21.0277777778
2012-10-24 18:22:00,20.9983050847
2012-10-24 18:23:00,20.9592592593
2012-10-24 18:24:00,20.949122807
2012-10-24 18:25:00,21.0796296296
2012-10-24 18:26:00,21.1052631579
2012-10-24 18:27:00,21.1407407407
2012-10-24 18:28:00,21.0910714286
2012-10-24 18:29:00,21.0305084746
2012-10-24 18:30:00,20.975862069
2012-10-24 18:31:00,20.9327586207
2012-10-24 18:32:00,20.9051724138
2012-10-24 18:33:00,20.9
2012-10-24 18:34:00,20.9517241379
2012-10-24 18:35:00,20.9947368421
2012-10-24 18:36:00,21.0428571429
2012-10-24 18:37:00,21.025
2012-10-24 18:38:00,21.0105263158
2012-10-24 18:39:00,21.1107142857
2012-10-24 18:40:00,21.0965517241
2012-10-24 18:41:00,21.1034482759
2012-10-24 18:42:00,21.1413793103
2012-10-24 18:43:00,21.0947368421
2012-10-24 18:44:00,20.9982142857
2012-10-24 18:45:00,20.9982142857
2012-10-24 18:46:00,20.9052631579
2012-10-24 18:47:00,20.9654545455
2012-10-24 18:48:00,21.0140350877
2012-10-24 18:49:00,21.0035087719
2012-10-24 18:50:00,21.0912280702
2012-10-24 18:51:00,21.0586206897
2012-10-24 18:52:00,21.0293103448
2012-10-24 18:53:00,21.0293103448
2012-10-24 18:54:00,21.0293103448
2012-10-24 18:55:00,21.0293103448
2012-10-24 18:56:00,21.0293103448
2012-10-24 18:57:00,21.0293103448
2012-10-24 18:58:00,21.3894736842
2012-10-24 18:59:00,21.4035087719
2012-10-24 19:00:00,21.4771929825
2012-10-24 19:01:00,21.5440677966
2012-10-24 19:02:00,21.550877193
2012-10-24 19:03:00,21.5196428571
2012-10-24 19:04:00,21.5982142857
2012-10-24 19:05:00,21.5157894737
2012-10-24 19:06:00,21.4152542373
2012-10-24 19:07:00,21.3280701754
2012-10-24 19:08:00,21.26
2012-10-24 19:09:00,21.2228070175
2012-10-24 19:10:00,21.2283333333
2012-10-24 19:11:00,21.1965517241
2012-10-24 19:12:00,21.1982142857
2012-10-24 19:13:00,21.305
2012-10-24 19:14:00,21.4372881356
2012-10-24 19:15:00,21.6051724138
2012-10-24 19:16:00,21.7793103448
2012-10-24 19:17:00,21.7793103448
2012-10-24 19:18:00,21.7310344828
2012-10-24 19:19:00,21.6534482759
2012-10-24 19:20:00,21.650877193
2012-10-24 19:21:00,21.6339285714
2012-10-24 19:22:00,21.7355932203
2012-10-24 19:23:00,21.7678571429
2012-10-24 19:24:00,21.7898305085
2012-10-24 19:25:00,21.8
2012-10-24 19:26:00,21.7517241379
2012-10-24 19:27:00,21.7155172414
2012-10-24 19:28:00,21.7070175439
2012-10-24 19:29:00,21.7264150943
2012-10-24 19:30:00,21.8018181818
2012-10-24 19:31:00,21.8
2012-10-24 19:32:00,21.8305084746
2012-10-24 19:33:00,21.8228070175
2012-10-24 19:34:00,21.8912280702
2012-10-24 19:35:00,21.8333333333
2012-10-24 19:36:00,21.8732142857
2012-10-24 19:37:00,21.9
2012-10-24 19:38:00,21.9196428571
2012-10-24 19:39:00,21.9423728814
2012-10-24 19:40:00,21.901754386
2012-10-24 19:41:00,21.9034482759
2012-10-24 19:42:00,21.9
2012-10-24 19:43:00,21.9070175439
2012-10-24 19:44:00,21.8105263158
2012-10-24 19:45:00,21.7534482759
2012-10-24 19:46:00,21.7084745763
2012-10-24 19:47:00,21.7724137931
2012-10-24 19:48:00,21.7614035088
2012-10-24 19:49:00,21.6982758621
2012-10-24 19:50:00,21.6915254237
2012-10-24 19:51:00,21.7196428571
2012-10-24 19:52:00,21.7051724138
2012-10-24 19:53:00,21.7448275862
2012-10-24 19:54:00,21.7775862069
2012-10-24 19:55:00,21.6614035088
2012-10-24 19:56:00,21.5964285714
2012-10-24 19:57:00,21.5160714286
2012-10-24 19:58:00,21.4732142857
2012-10-24 19:59:00,21.5037037037
2012-10-24 20:00:00,21.5355932203
2012-10-24 20:01:00,21.5894736842
2012-10-24 20:02:00,21.4948275862
2012-10-24 20:03:00,21.5087719298
2012-10-24 20:04:00,21.5036363636
2012-10-24 20:05:00,21.5724137931
2012-10-24 20:06:00,21.4672413793
2012-10-24 20:07:00,21.3793103448
2012-10-24 20:08:00,21.3553571429
2012-10-24 20:09:00,21.3684210526
2012-10-24 20:10:00,21.2857142857
2012-10-24 20:11:00,21.2462962963
2012-10-24 20:12:00,21.1824561404
2012-10-24 20:13:00,21.1
2012-10-24 20:14:00,21.1071428571
2012-10-24 20:15:00,21.0894736842
2012-10-24 20:16:00,21.1672413793
2012-10-24 20:17:00,21.1137931034
2012-10-24 20:18:00,20.9913793103
2012-10-24 20:19:00,20.9344827586
2012-10-24 20:20:00,20.9033898305
2012-10-24 20:21:00,20.9965517241
2012-10-24 20:22:00,21.0350877193
2012-10-24 20:23:00,21.0561403509
2012-10-24 20:24:00,21.095
2012-10-24 20:25:00,21
2012-10-24 20:26:00,21.0103448276
2012-10-24 20:27:00,20.9824561404
2012-10-24 20:28:00,20.9220338983
2012-10-24 20:29:00,20.9086206897
2012-10-24 20:30:00,20.9631578947
2012-10-24 20:31:00,21.0440677966
2012-10-24 20:32:00,21.1224137931
2012-10-24 20:33:00,21.2766666667
2012-10-24 20:34:00,21.2122807018
2012-10-24 20:35:00,21.1915254237
2012-10-24 20:36:00,21.1464285714
2012-10-24 20:37:00,21.1473684211
2012-10-24 20:38:00,21.25
2012-10-24 20:39:00,21.301754386
2012-10-24 20:40:00,21.34
2012-10-24 20:41:00,21.3642857143
2012-10-24 20:42:00,21.3964912281
2012-10-24 20:43:00,21.4
2012-10-24 20:44:00,21.3983050847
2012-10-24 20:45:00,21.3644067797
2012-10-24 20:46:00,21.3237288136
2012-10-24 20:47:00,21.3148148148
2012-10-24 20:48:00,21.3070175439
2012-10-24 20:49:00,21.2303571429
2012-10-24 20:50:00,21.1362068966
2012-10-24 20:51:00,21.0982758621
2012-10-24 20:52:00,21.1627118644
2012-10-24 20:53:00,21.2016666667
2012-10-24 20:54:00,21.2196428571
2012-10-24 20:55:00,21.2327586207
2012-10-24 20:56:00,21.3087719298
2012-10-24 20:57:00,21.35
2012-10-24 20:58:00,21.3
2012-10-24 20:59:00,21.2071428571
2012-10-24 21:00:00,21.098245614
2012-10-24 21:01:00,21.1827586207
2012-10-24 21:02:00,21.0875
2012-10-24 21:03:00,21.0754385965
2012-10-24 21:04:00,21.0509090909
2012-10-24 21:05:00,21.0909090909
2012-10-24 21:06:00,21.0912280702
2012-10-24 21:07:00,20.987037037
2012-10-24 21:08:00,20.9924528302
2012-10-24 21:09:00,21.0054545455
2012-10-24 21:10:00,21.0275862069
2012-10-24 21:11:00,21.0931034483
2012-10-24 21:12:00,21.0928571429
2012-10-24 21:13:00,21.0947368421
2012-10-24 21:14:00,21.0909090909
2012-10-24 21:15:00,21.0473684211
2012-10-24 21:16:00,21.0017857143
2012-10-24 21:17:00,21
2012-10-24 21:18:00,21.0120689655
2012-10-24 21:19:00,21.1446428571
2012-10-24 21:20:00,21.274137931
2012-10-24 21:21:00,21.274137931
2012-10-24 21:22:00,21.274137931
2012-10-24 21:23:00,21.274137931
2012-10-24 21:24:00,21.2581818182
2012-10-24 21:25:00,21.2175438596
2012-10-24 21:26:00,21.1892857143
2012-10-24 21:27:00,21.2127272727
2012-10-24 21:28:00,21.2842105263
2012-10-24 21:29:00,21.3070175439
2012-10-24 21:30:00,21.3910714286
2012-10-24 21:31:00,21.3912280702
2012-10-24 21:32:00,21.3589285714
2012-10-24 21:33:00,21.3192982456
2012-10-24 21:34:00,21.3684210526
2012-10-24 21:35:00,21.4771929825
2012-10-24 21:36:00,21.4966101695
2012-10-24 21:37:00,21.4894736842
2012-10-24 21:38:00,21.3892857143
2012-10-24 21:39:00,21.2966101695
2012-10-24 21:40:00,21.3016949153
2012-10-24 21:41:00,21.3963636364
2012-10-24 21:42:00,21.4
2012-10-24 21:43:00,21.3344827586
2012-10-24 21:44:00,21.3087719298
2012-10-24 21:45:00,21.3116666667
2012-10-24 21:46:00,21.2534482759
2012-10-24 21:47:00,21.2614035088
2012-10-24 21:48:00,21.2448275862
2012-10-24 21:49:00,21.2614035088
2012-10-24 21:50:00,21.3847457627
2012-10-24 21:51:00,21.3847457627
2012-10-24 21:52:00,21.3847457627
2012-10-24 21:53:00,21.3847457627
2012-10-24 21:54:00,21.3847457627
2012-10-24 21:55:00,21.525
2012-10-24 21:56:00,21.5949152542
2012-10-24 21:57:00,21.6103448276
2012-10-24 21:58:00,21.74
2012-10-24 21:59:00,21.795
2012-10-24 22:00:00,21.7363636364
2012-10-24 22:01:00,21.6839285714
2012-10-24 22:02:00,21.6724137931
2012-10-24 22:03:00,21.7017241379
2012-10-24 22:04:00,21.7
2012-10-24 22:05:00,21.7178571429
2012-10-24 22:06:00,21.7051724138
2012-10-24 22:07:00,21.6912280702
2012-10-24 22:08:00,21.5596491228
2012-10-24 22:09:00,21.4894736842
2012-10-24 22:10:00,21.4035714286
2012-10-24 22:11:00,21.43
2012-10-24 22:12:00,21.4526315789
2012-10-24 22:13:00,21.498245614
2012-10-24 22:14:00,21.4898305085
2012-10-24 22:15:00,21.5631578947
2012-10-24 22:16:00,21.5464285714
2012-10-24 22:17:00,21.4762711864
2012-10-24 22:18:00,21.4051724138
2012-10-24 22:19:00,21.3616666667
2012-10-24 22:20:00,21.4228070175
2012-10-24 22:21:00,21.4118644068
2012-10-24 22:22:00,21.398245614
2012-10-24 22:23:00,21.4322033898
2012-10-24 22:24:00,21.4327586207
2012-10-24 22:25:00,21.4857142857
2012-10-24 22:26:00,21.4363636364
2012-10-24 22:27:00,21.4016949153
2012-10-24 22:28:00,21.3157894737
2012-10-24 22:29:00,21.224137931
2012-10-24 22:30:00,21.1375
2012-10-24 22:31:00,21.15
2012-10-24 22:32:00,21.1948275862
2012-10-24 22:33:00,21.2203389831
2012-10-24 22:34:00,21.2
2012-10-24 22:35:00,21.2
2012-10-24 22:36:00,21.1642857143
2012-10-24 22:37:00,21.1375
2012-10-24 22:38:00,21.0661016949
2012-10-24 22:39:00,21
2012-10-24 22:40:00,20.9684210526
2012-10-24 22:41:00,21.05
2012-10-24 22:42:00,21.1017857143
2012-10-24 22:43:00,21.1690909091
2012-10-24 22:44:00,21.2103448276
2012-10-24 22:45:00,21.18
2012-10-24 22:46:00,21.1055555556
2012-10-24 22:47:00,21.0236363636
2012-10-24 22:48:00,21.0056603774
2012-10-24 22:49:00,20.9981481481
2012-10-24 22:50:00,20.9625
2012-10-24 22:51:00,20.9
2012-10-24 22:52:00,20.8396226415
2012-10-24 22:53:00,20.7980769231
2012-10-24 22:54:00,20.8037735849
2012-10-24 22:55:00,20.8547169811
2012-10-24 22:56:00,20.9839285714
2012-10-24 22:57:00,20.9452830189
2012-10-24 22:58:00,20.9245614035
2012-10-24 22:59:00,20.9781818182
2012-10-24 23:00:00,21.0210526316
2012-10-24 23:01:00,21.0339285714
2012-10-24 23:02:00,21.0070175439
2012-10-24 23:03:00,21.0271186441
2012-10-24 23:04:00,21.0854545455
2012-10-24 23:05:00,21.0981481481
2012-10-24 23:06:00,21.0678571429
2012-10-24 23:07:00,21.0107142857
2012-10-24 23:08:00,21.0107142857
2012-10-24 23:09:00,20.9272727273
2012-10-24 23:10:00,20.8071428571
2012-10-24 23:11:00,20.8071428571
2012-10-24 23:12:00,20.8071428571
2012-10-24 23:13:00,20.8071428571
2012-10-24 23:14:00,20.8071428571
2012-10-24 23:15:00,20.494
2012-10-24 23:16:00,20.4259259259
2012-10-24 23:17:00,20.4722222222
2012-10-24 23:18:00,20.546
2012-10-24 23:19:00,20.6
2012-10-24 23:20:00,20.6053571429
2012-10-24 23:21:00,20.6928571429
2012-10-24 23:22:00,20.7814814815
2012-10-24 23:23:00,20.8
2012-10-24 23:24:00,20.7517857143
2012-10-24 23:25:00,20.6490196078
2012-10-24 23:26:00,20.5980769231
2012-10-24 23:27:00,20.6490909091
2012-10-24 23:28:00,20.6075471698
2012-10-24 23:29:00,20.5811320755
2012-10-24 23:30:00,20.522
2012-10-24 23:31:00,20.5125
2012-10-24 23:32:00,20.5
2012-10-24 23:33:00,20.5294117647
2012-10-24 23:34:00,20.594
2012-10-24 23:35:00,20.562745098
2012-10-24 23:36:00,20.5461538462
2012-10-24 23:37:00,20.5692307692
2012-10-24 23:38:00,20.5509433962
2012-10-24 23:39:00,20.5
2012-10-24 23:40:00,20.4071428571
2012-10-24 23:41:00,20.4107142857
2012-10-24 23:42:00,20.4117647059
2012-10-24 23:43:00,20.3622641509
2012-10-24 23:44:00,20.3
2012-10-24 23:45:00,20.2711538462
2012-10-24 23:46:00,20.2055555556
2012-10-24 23:47:00,20.2019607843
2012-10-24 23:48:00,20.1942307692
2012-10-24 23:49:00,20.2020833333
2012-10-24 23:50:00,20.1962264151
2012-10-24 23:51:00,20.1961538462
2012-10-24 23:52:00,20.2185185185
2012-10-24 23:53:00,20.3109090909
2012-10-24 23:54:00,20.4666666667
2012-10-24 23:55:00,20.5890909091
2012-10-24 23:56:00,20.5981132075
2012-10-24 23:57:00,20.558490566
2012-10-24 23:58:00,20.5961538462
2012-10-24 23:59:00,20.6
2012-10-25 00:00:00,20.5843137255
2012-10-25 00:01:00,20.5814814815
2012-10-25 00:02:00,20.5188679245
2012-10-25 00:03:00,20.5111111111
2012-10-25 00:04:00,20.5272727273
2012-10-25 00:05:00,20.5115384615
2012-10-25 00:06:00,20.4907407407
2012-10-25 00:07:00,20.4941176471
2012-10-25 00:08:00,20.4981481481
2012-10-25 00:09:00,20.5
2012-10-25 00:10:00,20.5
2012-10-25 00:11:00,20.537037037
2012-10-25 00:12:00,20.5843137255
2012-10-25 00:13:00,20.5795918367
2012-10-25 00:14:00,20.5796296296
2012-10-25 00:15:00,20.6358490566
2012-10-25 00:16:00,20.6543859649
2012-10-25 00:17:00,20.6153846154
2012-10-25 00:18:00,20.6244897959
2012-10-25 00:19:00,20.6703703704
2012-10-25 00:20:00,20.6960784314
2012-10-25 00:21:00,20.6945454545
2012-10-25 00:22:00,20.6854545455
2012-10-25 00:23:00,20.5981481481
2012-10-25 00:24:00,20.5568627451
2012-10-25 00:25:00,20.5781818182
2012-10-25 00:26:00,20.6041666667
2012-10-25 00:27:00,20.6
2012-10-25 00:28:00,20.568627451
2012-10-25 00:29:00,20.5673076923
2012-10-25 00:30:00,20.5964912281
2012-10-25 00:31:00,20.7018867925
2012-10-25 00:32:00,20.6826923077
2012-10-25 00:33:00,20.616
2012-10-25 00:34:00,20.5352941176
2012-10-25 00:35:00,20.5352941176
2012-10-25 00:36:00,20.5352941176
2012-10-25 00:37:00,20.482
2012-10-25 00:38:00,20.4645833333
2012-10-25 00:39:00,20.4
